"id","donation_frequency","university","car","second_language","favourite_colour","movie_genre"
"1","Weekly","McSparran","GMC","null","Teal","Comedy|Drama|Musical"
"2","Once","Ferrelli","Chrysler","Pashto","Green","Drama"
"3","Monthly","Ragsdall","Ford","null","Yellow","Comedy|Romance"
"4","Monthly","null","GMC","null","Puce","Action|Drama|Mystery|Sci-Fi|Thriller|IMAX"
"5","Weekly","Spitell","Suzuki","Swati","Purple","Children|Comedy|Fantasy|Romance"
"6","Weekly","Pettersen","Chevrolet","null","Puce","Action|Adventure|Romance|Thriller"
"7","Yearly","Hanretty","Mercedes-Benz","null","Crimson","Drama"
"8","Once","null","Hyundai","null","Blue","Drama"
"9","Monthly","Adamthwaite","null","null","Crimson","Action|Drama|War"
"10","Monthly","Eddington","GMC","null","Crimson","Drama"
"11","Yearly","Elger","BMW","Indonesian","Purple","Action|Horror|Sci-Fi"
"12","Weekly","Nolot","Porsche","null","Violet","Drama"
"13","Once","Gorler","Chevrolet","null","Orange","Comedy|Crime|Mystery"
"14","Weekly","Rexworthy","Lincoln","null","Green","Crime|Drama|Film-Noir"
"15","Once","Lacoste","Mitsubishi","null","Teal","Action|Thriller"
"16","Weekly","null","null","null","Fuscia","Adventure|Comedy|Musical|Romance|Sci-Fi"
"17","Yearly","Durrand","Lexus","null","Khaki","Drama|War"
"18","Once","null","GMC","null","Crimson","Action|Crime|Musical"
"19","Monthly","Mc Gaughey","Lincoln","null","Crimson","Documentary"
"20","Monthly","null","Dodge","null","Purple","Drama"
"21","Once","Holsey","Ford","null","Goldenrod","Comedy|Crime|Drama"
"22","Weekly","Karpushkin","Ford","null","Red","Comedy|Crime|Musical"
"23","Weekly","Mines","Chrysler","null","Yellow","Comedy"
"24","Weekly","null","Nissan","Belarusian","Khaki","Comedy|Romance"
"25","Weekly","null","Hyundai","null","Turquoise","Horror"
"26","Once","Langdale","Ford","null","Pink","Comedy|Thriller"
"27","Monthly","Tadgell","Lincoln","Georgian","Crimson","Comedy"
"28","Weekly","Chillingsworth","Ferrari","null","Puce","Drama|Mystery|Thriller"
"29","Monthly","Hutten","Chrysler","null","Red","Drama|War"
"30","Weekly","Mitton","Infiniti","null","Puce","Documentary"
"31","Monthly","Jagg","Mazda","null","Goldenrod","Drama"
"32","Once","null","Nissan","null","Blue","Drama"
"33","Once","Maydwell","BMW","null","Aquamarine","Comedy"
"34","Yearly","null","GMC","Mongolian","Aquamarine","Documentary"
"35","Yearly","Sparhawk","Ford","null","Mauv","Crime|Drama|Thriller"
"36","Yearly","Mosdell","GMC","Polish","Puce","Action|Sci-Fi"
"37","Yearly","Tonna","Ford","French","Green","Comedy|Drama|War"
"38","Yearly","Silverstone","Mitsubishi","null","Mauv","Drama"
"39","Yearly","null","null","null","Khaki","Crime|Drama|Thriller"
"40","Monthly","null","Hummer","null","Puce","Comedy|Drama|Mystery"
"41","Weekly","Aylesbury","null","Japanese","Orange","Romance"
"42","Monthly","Plowman","Mercury","null","Indigo","Drama"
"43","Weekly","Belbin","Buick","Azeri","Green","Drama"
"44","Monthly","null","null","null","Crimson","Comedy"
"45","Monthly","Dollimore","Land Rover","null","Indigo","Comedy|Horror"
"46","Weekly","null","Saab","null","Green","Comedy|Romance"
"47","Once","Lally","Land Rover","null","Fuscia","Comedy"
"48","Once","Annice","Infiniti","null","Fuscia","Crime|Film-Noir|Mystery|Thriller"
"49","Yearly","Pounder","Acura","null","Khaki","Comedy"
"50","Yearly","Matas","Honda","null","Orange","Action|Adventure|Comedy|Documentary|Fantasy"
"51","Weekly","Aish","BMW","null","Puce","Adventure|Children|Documentary|Drama"
"52","Monthly","McNish","Chevrolet","null","Pink","Horror|Sci-Fi"
"53","Once","Pear","Dodge","null","Aquamarine","Comedy|Documentary|Romance"
"54","Yearly","Toolan","null","Bengali","Khaki","Action|Adventure|Drama"
"55","Monthly","Jerisch","Acura","Haitian Creole","Blue","Documentary"
"56","Weekly","Gedney","Volkswagen","null","Teal","Comedy|Romance"
"57","Monthly","Scocroft","Oldsmobile","Indonesian","Goldenrod","Action|Adventure|War"
"58","Once","Krink","Subaru","null","Puce","Action|Drama"
"59","Once","Lengthorn","Ford","null","Violet","Comedy"
"60","Weekly","null","Plymouth","null","Mauv","Action|Adventure|Drama|Fantasy|Mystery|IMAX"
"61","Yearly","Edgeler","Nissan","null","Red","Fantasy|Horror"
"62","Monthly","Mallall","Subaru","null","Orange","Western"
"63","Once","null","Ford","null","Aquamarine","Comedy|Crime|Drama"
"64","Weekly","null","Volkswagen","null","Yellow","Documentary|Drama"
"65","Monthly","Herries","Volvo","Quechua","Mauv","Drama|Horror"
"66","Monthly","null","Mitsubishi","Yiddish","Fuscia","Drama"
"67","Once","Slyman","Honda","null","Mauv","Action|Drama|Horror|IMAX"
"68","Monthly","McAlindon","Pontiac","null","Khaki","Drama"
"69","Once","Albrighton","Saab","null","Blue","Drama|Romance"
"70","Once","Pickrell","Toyota","Dhivehi","Turquoise","Documentary"
"71","Once","Boichat","Mercury","null","Purple","Drama"
"72","Monthly","McIlmurray","Ford","Kazakh","Pink","Documentary"
"73","Yearly","null","Saab","null","Khaki","Action|Crime|Thriller"
"74","Yearly","Hellen","Land Rover","Papiamento","Orange","Adventure|Animation|Fantasy"
"75","Weekly","Claasen","Mitsubishi","null","Red","Drama|Horror|Thriller"
"76","Weekly","Cominetti","Kia","null","Maroon","Drama"
"77","Once","Deeson","Kia","null","Green","Drama|Romance"
"78","Once","null","Pontiac","null","Green","Horror"
"79","Once","Aldersley","Mazda","Latvian","Teal","Comedy|Drama"
"80","Once","Thams","Mitsubishi","null","Fuscia","Drama"
"81","Weekly","Andrusov","BMW","null","Green","Drama"
"82","Yearly","Ivushkin","Volkswagen","null","Mauv","Comedy"
"83","Weekly","Vasiliev","Lexus","null","Teal","(no genres listed)"
"84","Once","null","Chevrolet","null","Green","Drama|Horror|Mystery|Thriller|War"
"85","Weekly","Readhead","Oldsmobile","null","Blue","Comedy"
"86","Once","Pead","Mazda","null","Turquoise","Documentary|War"
"87","Weekly","Harget","Lamborghini","null","Mauv","Animation"
"88","Once","Ellerey","Nissan","null","Violet","Adventure|Drama|Romance"
"89","Yearly","Cropton","Buick","Tok Pisin","Blue","Comedy"
"90","Weekly","Fraser","BMW","null","Yellow","Drama"
"91","Once","Strathern","Volvo","null","Yellow","Crime|Drama|Mystery|Thriller"
"92","Weekly","Eldrett","Mercedes-Benz","null","Aquamarine","Drama|War"
"93","Once","Laurentin","Acura","null","Teal","Drama"
"94","Yearly","Cranton","Dodge","Hebrew","Purple","Documentary"
"95","Monthly","Gavin","Acura","null","Purple","Drama"
"96","Monthly","Gorch","BMW","null","Purple","Action|Adventure|Drama|Romance|Western"
"97","Weekly","Songest","BMW","null","Green","Comedy"
"98","Yearly","Runham","Hyundai","Lithuanian","Indigo","Comedy"
"99","Weekly","null","null","null","Khaki","Drama|Romance"
"100","Weekly","Porritt","GMC","Kannada","Red","Drama"
"101","Yearly","null","Mazda","null","Orange","Action|Fantasy|Sci-Fi|IMAX"
"102","Weekly","null","Suzuki","Greek","Khaki","Comedy"
"103","Once","null","null","Japanese","Red","Drama"
"104","Monthly","Renshall","Porsche","Quechua","Yellow","Comedy"
"105","Yearly","Hoffmann","Suzuki","Thai","Teal","Action|Drama|Thriller"
"106","Yearly","Agastina","Ford","Estonian","Orange","(no genres listed)"
"107","Weekly","null","Toyota","null","Orange","Drama"
"108","Yearly","null","Subaru","Malagasy","Yellow","Western"
"109","Yearly","Kewley","Mercedes-Benz","null","Teal","Crime|Drama"
"110","Weekly","McLaverty","Toyota","null","Indigo","Comedy|Drama|Romance"
"111","Weekly","Deyenhardt","Dodge","null","Yellow","Comedy|Drama"
"112","Once","Wheal","BMW","Georgian","Orange","Drama"
"113","Monthly","Harle","Mitsubishi","null","Puce","Comedy|Horror|Mystery|Sci-Fi"
"114","Once","Delacour","Mercury","New Zealand Sign Language","Crimson","Drama|Thriller"
"115","Weekly","Havers","Kia","Zulu","Mauv","Drama"
"116","Monthly","null","Volvo","null","Indigo","Comedy|Drama"
"117","Once","Cranstoun","Nissan","null","Purple","Drama|Fantasy|Mystery"
"118","Yearly","Marfell","Mercedes-Benz","Punjabi","Turquoise","Drama|War"
"119","Once","Gunby","Suzuki","null","Goldenrod","Crime|Thriller"
"120","Weekly","Enevoldsen","Mercedes-Benz","Malagasy","Indigo","Documentary|War"
"121","Weekly","Eisikowitch","Dodge","null","Green","Crime|Drama|Mystery"
"122","Weekly","null","Plymouth","Papiamento","Fuscia","Action|Adventure|Animation|Fantasy"
"123","Once","Sweeting","Chrysler","Kyrgyz","Aquamarine","Comedy"
"124","Monthly","null","Mazda","West Frisian","Khaki","Crime|Drama|Thriller"
"125","Weekly","null","Ford","Luxembourgish","Pink","Drama"
"126","Once","Sturdey","Hyundai","null","Orange","Children|Comedy"
"127","Monthly","null","Mercedes-Benz","Bosnian","Pink","Drama"
"128","Monthly","null","Porsche","null","Khaki","Comedy|Crime"
"129","Weekly","null","Mitsubishi","null","Indigo","Documentary"
"130","Monthly","Featherstonhaugh","Nissan","null","Pink","Comedy"
"131","Monthly","Cordrey","BMW","null","Khaki","Western"
"132","Monthly","Olive","Honda","Romanian","Mauv","Mystery|Thriller"
"133","Monthly","Wawer","Chevrolet","null","Pink","Comedy|Romance"
"134","Once","Shadbolt","Ford","null","Pink","Comedy|Drama"
"135","Monthly","Poetz","Honda","Armenian","Fuscia","Drama|Film-Noir"
"136","Yearly","Sitlinton","Dodge","null","Indigo","Action|Animation|Drama|Sci-Fi"
"137","Once","Petticrow","Toyota","null","Teal","Horror"
"138","Yearly","Tansly","Nissan","null","Maroon","Romance"
"139","Yearly","Walasik","Honda","null","Maroon","Crime|Mystery"
"140","Weekly","null","Land Rover","null","Aquamarine","Horror|Mystery|Thriller"
"141","Weekly","Tring","Nissan","null","Violet","Comedy|Romance"
"142","Monthly","Sterley","Ford","null","Khaki","Sci-Fi"
"143","Monthly","Scarratt","Dodge","null","Teal","Drama"
"144","Weekly","Dolan","Jaguar","null","Purple","Comedy|Musical"
"145","Once","Grasha","Isuzu","Bosnian","Red","Comedy|Drama|War"
"146","Monthly","Perfect","Mazda","Korean","Crimson","Comedy|Drama|Fantasy|Romance"
"147","Yearly","Tew","Ford","null","Violet","Comedy|Romance"
"148","Monthly","Angood","Mazda","null","Red","Adventure|Documentary"
"149","Monthly","Scutching","Suzuki","null","Yellow","Drama|War"
"150","Monthly","Effnert","Toyota","null","Crimson","Animation|Drama|War"
"151","Weekly","Roads","Acura","null","Aquamarine","Musical|Romance|War"
"152","Once","Vero","Mazda","null","Teal","Horror"
"153","Once","McIlmorow","Mercury","null","Aquamarine","Crime|Drama|Thriller"
"154","Weekly","Corkill","Bugatti","null","Aquamarine","Comedy|Crime|Drama"
"155","Monthly","Finlayson","Audi","null","Indigo","Drama|Film-Noir"
"156","Once","Grzelak","Cadillac","Yiddish","Teal","Children|Drama"
"157","Monthly","null","Toyota","null","Turquoise","Comedy"
"158","Weekly","Kincla","Land Rover","null","Yellow","Crime|Thriller|Western"
"159","Yearly","Roser","Ford","null","Aquamarine","Drama"
"160","Once","Goodlatt","Ford","Georgian","Khaki","Action|Horror|Thriller"
"161","Weekly","O'Dea","null","null","Green","Crime|Thriller"
"162","Once","Kalinsky","Aston Martin","Somali","Maroon","Comedy|Crime|Drama"
"163","Monthly","null","Lincoln","Swati","Maroon","Action|Adventure|Fantasy"
"164","Weekly","null","Pontiac","null","Crimson","Drama"
"165","Once","Mitchiner","Nissan","Arabic","Mauv","Comedy|Romance"
"166","Once","Cummings","Plymouth","null","Goldenrod","Documentary"
"167","Once","Peaker","Mercury","Lithuanian","Orange","Drama"
"168","Weekly","Stathor","Chevrolet","null","Aquamarine","Documentary"
"169","Weekly","Setterington","Mitsubishi","null","Violet","Action|Drama|Mystery|Thriller|War"
"170","Monthly","null","Maserati","Bosnian","Crimson","Action|Adventure|Drama|Thriller"
"171","Yearly","null","null","Arabic","Violet","Drama"
"172","Once","Hanes","Plymouth","null","Khaki","Action|Thriller"
"173","Yearly","Feehely","Acura","null","Khaki","Crime|Film-Noir|Mystery|Thriller"
"174","Monthly","null","Buick","null","Fuscia","Crime|Drama|Film-Noir"
"175","Yearly","null","null","null","Orange","Comedy"
"176","Monthly","Lammers","Isuzu","Polish","Goldenrod","Drama|Film-Noir|Mystery|Romance"
"177","Monthly","Lethabridge","Land Rover","null","Pink","Action|Animation"
"178","Monthly","null","Mazda","null","Yellow","Comedy|Drama"
"179","Once","Harrowing","Porsche","null","Purple","Comedy"
"180","Once","null","Ford","null","Puce","Drama|Romance"
"181","Yearly","Burehill","Ford","null","Crimson","Crime|Drama"
"182","Yearly","Markus","Toyota","null","Green","Film-Noir"
"183","Weekly","Minci","Ford","null","Turquoise","Romance|Thriller"
"184","Weekly","Ghirardi","Toyota","null","Crimson","Crime|Drama"
"185","Monthly","Dresser","Plymouth","Hungarian","Puce","Crime|Drama|Western"
"186","Once","Muris","Oldsmobile","null","Puce","Action|Adventure|Thriller"
"187","Monthly","Jencey","Subaru","null","Puce","Drama|Romance"
"188","Weekly","Kalisz","Toyota","null","Orange","Comedy|Romance"
"189","Once","null","Chevrolet","null","Goldenrod","Documentary"
"190","Monthly","Barnes","null","null","Khaki","Documentary"
"191","Weekly","null","null","null","Violet","Documentary"
"192","Once","Sacaze","Buick","null","Khaki","Action|Crime|Thriller"
"193","Weekly","Laffin","Jeep","Dari","Crimson","Action|Romance|Thriller"
"194","Weekly","null","Mercury","null","Fuscia","Comedy|Drama"
"195","Once","null","Saab","null","Yellow","Documentary"
"196","Weekly","null","null","Polish","Blue","Action|Adventure|Thriller"
"197","Yearly","Freschi","GMC","null","Orange","Drama"
"198","Weekly","Benzie","Mercury","null","Goldenrod","Drama"
"199","Yearly","Gibbens","null","Sotho","Khaki","Comedy|Drama"
"200","Weekly","Tinto","Plymouth","null","Fuscia","Action|Adventure|Fantasy|Mystery|Sci-Fi"
"201","Yearly","Devlin","BMW","Bosnian","Teal","Horror"
"202","Monthly","MacQuist","Mercedes-Benz","null","Yellow","Drama|Thriller"
"203","Monthly","Menci","Audi","Icelandic","Fuscia","Drama"
"204","Yearly","Alyokhin","Chevrolet","null","Aquamarine","Comedy|Drama|Romance"
"205","Monthly","null","Jaguar","Oriya","Puce","Comedy|Horror|Thriller"
"206","Monthly","Lennon","Honda","null","Indigo","War"
"207","Monthly","null","Acura","null","Maroon","Action|Adventure"
"208","Yearly","Speller","Ford","null","Maroon","Drama"
"209","Once","Renne","Lexus","null","Indigo","Crime|Drama|Mystery|Thriller"
"210","Once","Karpenko","Ford","null","Pink","Drama"
"211","Monthly","Leader","Chevrolet","Korean","Purple","Crime|Drama|Film-Noir"
"212","Monthly","Caley","Toyota","null","Puce","Comedy|Drama"
"213","Monthly","null","Honda","Korean","Teal","Drama"
"214","Once","Retallick","Toyota","null","Teal","Documentary"
"215","Yearly","null","Hyundai","null","Purple","Documentary"
"216","Yearly","Bennike","Jaguar","null","Orange","Action|Comedy"
"217","Monthly","Moggle","Ford","Indonesian","Fuscia","Drama"
"218","Once","Tuckett","Lincoln","null","Red","Comedy"
"219","Yearly","Anthon","Honda","Luxembourgish","Khaki","Documentary"
"220","Once","Ennion","Acura","Indonesian","Turquoise","Drama"
"221","Yearly","Tremoille","Cadillac","null","Goldenrod","Adventure|Romance|War|Western"
"222","Weekly","null","null","null","Indigo","Comedy|Drama"
"223","Yearly","Deniseau","Audi","null","Orange","Crime|Drama"
"224","Yearly","Uden","Isuzu","English","Red","Drama"
"225","Once","Andreolli","Buick","null","Indigo","Comedy|Romance"
"226","Monthly","null","Cadillac","null","Blue","Drama"
"227","Weekly","Blackhall","Mitsubishi","Danish","Aquamarine","Comedy"
"228","Monthly","null","Subaru","null","Purple","Drama|Romance"
"229","Once","null","Pontiac","null","Indigo","Comedy|Sci-Fi"
"230","Yearly","Ambrosch","Geo","null","Crimson","Drama"
"231","Once","Losty","Suzuki","null","Puce","Comedy"
"232","Once","Brugmann","Ford","null","Purple","(no genres listed)"
"233","Weekly","null","Plymouth","null","Fuscia","Comedy|Drama"
"234","Weekly","Verne","Buick","Aymara","Red","Comedy|Crime|Musical"
"235","Yearly","null","Cadillac","null","Orange","Action|Adventure"
"236","Weekly","null","Saab","Nepali","Crimson","Drama"
"237","Yearly","Duval","Pontiac","null","Blue","Action|Fantasy|Sci-Fi"
"238","Yearly","null","Kia","null","Teal","Comedy|Crime"
"239","Weekly","Isaksen","Chevrolet","null","Purple","Drama"
"240","Once","Gritskov","GMC","Filipino","Teal","Comedy|Fantasy|Romance"
"241","Once","Ales","Volkswagen","null","Violet","Drama"
"242","Monthly","Shelton","Nissan","null","Pink","Drama"
"243","Monthly","null","Buick","null","Turquoise","Drama"
"244","Once","Gaunt","GMC","Swedish","Goldenrod","Comedy|Musical"
"245","Weekly","null","Pontiac","Georgian","Indigo","Comedy|Western"
"246","Monthly","Winger","Chevrolet","English","Goldenrod","Children|Comedy|Romance"
"247","Once","Giorgiutti","Subaru","null","Purple","Comedy|Romance"
"248","Weekly","Hessay","Chrysler","null","Goldenrod","Documentary|Musical"
"249","Yearly","Levesley","Lexus","Malagasy","Khaki","Adventure|Comedy|War"
"250","Yearly","Foffano","Chevrolet","null","Red","Animation"
"251","Weekly","Turford","Chevrolet","null","Red","Fantasy"
"252","Once","null","Suzuki","null","Teal","Documentary"
"253","Once","null","Chevrolet","null","Goldenrod","Action|Crime|Film-Noir|Mystery|Thriller"
"254","Monthly","Ferns","Nissan","null","Teal","Horror|Thriller"
"255","Weekly","Layne","Ford","Chinese","Mauv","Action|Horror|Thriller"
"256","Once","Shobrook","Ford","null","Teal","Drama"
"257","Once","Deely","Land Rover","null","Turquoise","Action|Horror|Sci-Fi"
"258","Yearly","null","Chevrolet","null","Crimson","Comedy|Crime|Romance"
"259","Yearly","Dandie","Aston Martin","null","Yellow","Horror"
"260","Weekly","Filchagin","null","null","Orange","Drama|Romance|War"
"261","Yearly","Rubinovitch","Audi","null","Crimson","Comedy|Crime|Drama"
"262","Weekly","Hardway","Jaguar","Chinese","Crimson","Drama"
"263","Monthly","Highnam","Chevrolet","Italian","Green","Comedy|Crime"
"264","Monthly","Leithgoe","Pontiac","null","Yellow","Documentary"
"265","Yearly","O'Flannery","Jaguar","null","Goldenrod","Comedy|Fantasy"
"266","Once","null","Dodge","null","Indigo","Action|Drama|War"
"267","Yearly","Lavin","Honda","Haitian Creole","Green","Drama|War"
"268","Once","null","Land Rover","Kannada","Blue","Horror"
"269","Monthly","Rouchy","Mazda","null","Orange","Comedy|Drama"
"270","Monthly","Littlejohn","Cadillac","null","Red","Action|Comedy|Crime"
"271","Once","Arr","Ford","null","Teal","Drama|Mystery"
"272","Once","Veysey","Mitsubishi","Quechua","Green","Action|Sci-Fi|Thriller"
"273","Weekly","Allflatt","Pontiac","null","Indigo","Comedy|Sci-Fi"
"274","Monthly","Mann","Kia","null","Mauv","Drama|Thriller"
"275","Weekly","Skeemer","Honda","null","Mauv","Drama|Romance"
"276","Yearly","Strand","Jeep","null","Yellow","Animation"
"277","Yearly","Lohan","Honda","null","Turquoise","Drama|Mystery|Thriller"
"278","Once","Huban","Kia","null","Yellow","Comedy"
"279","Monthly","null","Suzuki","Swedish","Indigo","Drama"
"280","Monthly","Murison","Dodge","null","Purple","Drama"
"281","Once","Georgi","Volkswagen","null","Puce","Comedy|Horror|Sci-Fi|Thriller"
"282","Monthly","null","Kia","null","Goldenrod","Drama"
"283","Weekly","Wraight","Nissan","null","Turquoise","Drama"
"284","Monthly","null","Mazda","null","Indigo","Comedy|Drama|Mystery"
"285","Once","Egar","Maserati","null","Yellow","Drama"
"286","Monthly","null","Mitsubishi","null","Fuscia","Horror|Thriller"
"287","Yearly","Willmer","Foose","null","Crimson","Drama|Mystery"
"288","Yearly","Bassom","Toyota","Guaraní","Puce","Comedy"
"289","Monthly","Wolvey","Ford","null","Yellow","Comedy|Drama"
"290","Weekly","null","Ford","null","Puce","Drama|Romance"
"291","Weekly","null","BMW","null","Khaki","Drama|Mystery"
"292","Yearly","null","Nissan","null","Purple","Comedy"
"293","Monthly","null","Mercedes-Benz","null","Goldenrod","Drama|Sci-Fi|Thriller"
"294","Yearly","Gubbin","Audi","Italian","Khaki","Adventure|Children|Fantasy|Sci-Fi"
"295","Yearly","Castagne","Mitsubishi","null","Khaki","Horror|Mystery|Thriller"
"296","Monthly","Blackborn","Mercedes-Benz","null","Red","Adventure|Children|Musical"
"297","Once","Legg","Ford","Kannada","Puce","Action|Comedy"
"298","Yearly","Telezhkin","Mercury","null","Goldenrod","Horror|Thriller"
"299","Yearly","null","Dodge","null","Mauv","Drama|Romance|Thriller"
"300","Once","Hearons","Ford","null","Yellow","Drama"
"301","Once","Lyddiard","Plymouth","null","Blue","Comedy"
"302","Weekly","Meeny","Cadillac","null","Orange","Comedy"
"303","Yearly","null","BMW","null","Turquoise","Comedy|Crime|Drama"
"304","Yearly","Shallcross","Pontiac","null","Fuscia","Horror"
"305","Yearly","Sandiford","Nissan","null","Pink","Sci-Fi"
"306","Once","Bensusan","Kia","null","Maroon","Comedy|Crime"
"307","Monthly","null","GMC","null","Red","Comedy"
"308","Once","Bene","Eagle","Malay","Pink","Crime|Drama"
"309","Weekly","null","Lincoln","null","Yellow","Documentary"
"310","Once","Sunock","Pontiac","null","Purple","Drama"
"311","Once","Wafer","Chevrolet","null","Turquoise","Drama"
"312","Weekly","Rousel","Suzuki","Polish","Pink","Drama"
"313","Once","null","Chevrolet","null","Fuscia","Fantasy"
"314","Once","Denkin","Porsche","null","Teal","Documentary"
"315","Monthly","null","null","null","Mauv","Comedy|Romance"
"316","Once","Beaumont","Audi","null","Goldenrod","Comedy"
"317","Yearly","null","Audi","null","Green","Adventure|Drama"
"318","Yearly","Champness","Infiniti","null","Violet","Drama"
"319","Monthly","Barniss","Nissan","null","Orange","Action|Adventure|Sci-Fi"
"320","Once","null","Lexus","null","Blue","Action|Comedy|Drama"
"321","Once","Yorke","null","null","Purple","Drama|Romance"
"322","Yearly","null","Nissan","null","Red","Action|Adventure|Fantasy|Horror"
"323","Yearly","Lambert","Pontiac","null","Yellow","Comedy"
"324","Weekly","Easeman","Mitsubishi","null","Turquoise","Adventure|Crime|Drama|Thriller"
"325","Once","Beves","Chevrolet","null","Teal","Comedy|Romance"
"326","Once","null","Chrysler","null","Maroon","Documentary"
"327","Weekly","null","Pontiac","null","Puce","Comedy"
"328","Monthly","Woodruff","Chevrolet","Quechua","Turquoise","Drama"
"329","Weekly","Feeley","Ford","null","Green","Comedy|Drama|Romance"
"330","Weekly","Koeppe","GMC","null","Yellow","Action|Crime|Thriller"
"331","Monthly","Jery","Nissan","null","Yellow","Action|Comedy"
"332","Weekly","null","Dodge","Chinese","Goldenrod","Drama|Thriller"
"333","Weekly","Elliman","Porsche","Irish Gaelic","Aquamarine","Drama"
"334","Monthly","Winchurst","Nissan","null","Khaki","Drama"
"335","Yearly","Gorick","Honda","null","Goldenrod","Adventure|Drama"
"336","Monthly","Ellsom","Subaru","Filipino","Blue","Crime|Drama"
"337","Monthly","null","Chevrolet","Sotho","Pink","Thriller"
"338","Yearly","Sodeau","Honda","null","Aquamarine","Documentary"
"339","Once","Brabon","Saturn","null","Mauv","Action|Drama|Thriller"
"340","Monthly","Swaddle","Chevrolet","Khmer","Pink","Drama"
"341","Once","null","Honda","Dutch","Indigo","Action|Crime|Drama|Thriller"
"342","Monthly","Yeabsley","Aston Martin","null","Mauv","Drama|Western"
"343","Yearly","Hiscoe","Pontiac","null","Indigo","Documentary"
"344","Once","Comiam","Honda","null","Purple","Crime|Drama"
"345","Weekly","Abrahamsson","Toyota","null","Green","Comedy|Western"
"346","Monthly","Dundon","Volkswagen","null","Green","Comedy|Drama"
"347","Yearly","Vanyukhin","Dodge","null","Green","Documentary"
"348","Monthly","Taffley","Ford","null","Aquamarine","Action|Crime"
"349","Weekly","Powling","null","null","Aquamarine","Comedy"
"350","Weekly","null","BMW","Latvian","Teal","Comedy|Crime|Drama"
"351","Yearly","Ronnay","null","null","Teal","Drama"
"352","Yearly","Bellas","Chevrolet","Punjabi","Indigo","Adventure|Romance|IMAX"
"353","Once","Esch","Pontiac","null","Violet","(no genres listed)"
"354","Monthly","Statton","Honda","null","Fuscia","Action|Comedy|Fantasy"
"355","Monthly","null","Hyundai","Luxembourgish","Red","Drama|Thriller"
"356","Once","null","Ford","null","Turquoise","Adventure|Children|Comedy|Fantasy"
"357","Once","Mordey","Land Rover","null","Violet","Action"
"358","Once","null","Mazda","null","Aquamarine","Children|Comedy|Drama|Musical|Romance"
"359","Once","Blount","null","null","Maroon","Action|Adventure|Comedy"
"360","Once","Brooke","Ford","null","Purple","Comedy|Romance"
"361","Once","Amburgy","Chevrolet","Swati","Khaki","Documentary|Musical"
"362","Once","Beel","null","Kurdish","Puce","Animation"
"363","Weekly","Schuster","Chevrolet","Tetum","Crimson","Comedy|Romance"
"364","Yearly","null","Ford","null","Mauv","Horror|Sci-Fi"
"365","Monthly","Blumire","Dodge","null","Orange","Documentary|War"
"366","Weekly","Mathewson","Dodge","null","Mauv","Documentary"
"367","Once","Rany","Volvo","null","Yellow","Comedy|Horror"
"368","Once","null","Subaru","null","Goldenrod","Adventure|Animation|Comedy|Fantasy|Romance|Sci-Fi"
"369","Weekly","null","null","null","Goldenrod","Adventure|Drama"
"370","Yearly","Rudolf","Chevrolet","null","Violet","Drama"
"371","Weekly","O'Keaveny","Chevrolet","German","Maroon","Comedy|Crime|Mystery"
"372","Once","MacAindreis","Nissan","null","Mauv","Documentary"
"373","Monthly","Twelvetrees","Mazda","null","Yellow","Comedy"
"374","Yearly","Bertram","Toyota","Thai","Red","Adventure|Crime|Drama"
"375","Yearly","Mingauld","BMW","null","Puce","Adventure|Drama"
"376","Yearly","Maylour","null","null","Mauv","Comedy|Drama|Romance"
"377","Yearly","Murrigans","Mercury","null","Mauv","Action|Crime|Drama"
"378","Yearly","Gosney","Porsche","null","Red","Comedy|Drama|Romance"
"379","Weekly","null","null","null","Yellow","Action|Crime|Drama"
"380","Weekly","Rhydderch","Subaru","null","Yellow","(no genres listed)"
"381","Weekly","Savil","Subaru","null","Maroon","Drama"
"382","Weekly","Sam","Mazda","null","Fuscia","Comedy"
"383","Weekly","Hundal","Oldsmobile","null","Maroon","Documentary|War"
"384","Once","Abramof","Mitsubishi","null","Yellow","Action|Adventure|Animation|Comedy|Thriller"
"385","Weekly","Eckery","Isuzu","null","Red","Comedy|Musical"
"386","Yearly","Jakubovicz","Dodge","null","Fuscia","Children|Drama"
"387","Once","Bell","Ford","null","Green","Horror|Sci-Fi|Thriller"
"388","Monthly","null","null","null","Teal","Drama|Mystery"
"389","Once","Rippingale","Audi","null","Green","Action|Adventure|War"
"390","Once","Plampin","Mercury","null","Indigo","Drama|Romance"
"391","Yearly","null","Nissan","null","Indigo","Drama"
"392","Monthly","Pardoe","Ford","null","Teal","Comedy|Romance"
"393","Weekly","Capini","Toyota","null","Aquamarine","Comedy|Drama|Romance"
"394","Yearly","Muslim","GMC","null","Red","Comedy|Drama"
"395","Monthly","Whiffin","Chevrolet","null","Khaki","Children|Sci-Fi"
"396","Monthly","Gethyn","Hyundai","null","Violet","Drama|War"
"397","Yearly","Gratten","GMC","null","Mauv","Comedy|Drama"
"398","Once","Tulloch","Volvo","null","Blue","Comedy|Drama|Romance"
"399","Yearly","Brotheridge","Isuzu","Maltese","Red","Horror|Thriller|Western"
"400","Weekly","null","Suzuki","null","Orange","Documentary"
"401","Yearly","Trevorrow","Honda","Latvian","Aquamarine","Drama"
"402","Yearly","Roose","Eagle","null","Crimson","Horror|Sci-Fi"
"403","Once","null","Ford","Kashmiri","Teal","Comedy|Romance"
"404","Once","null","Ford","null","Violet","Documentary"
"405","Monthly","Elleton","Buick","Punjabi","Fuscia","Drama|Mystery"
"406","Once","Blaiklock","Infiniti","Somali","Puce","Drama"
"407","Weekly","Birbeck","Hyundai","null","Aquamarine","Action|Crime|Romance"
"408","Yearly","null","Ford","null","Mauv","Action|Adventure|Sci-Fi"
"409","Yearly","Arnely","Toyota","null","Violet","Drama"
"410","Once","Douglass","Audi","null","Goldenrod","Crime|Drama|Horror|Mystery|Thriller"
"411","Once","Finlason","Dodge","null","Blue","Drama"
"412","Yearly","null","GMC","null","Mauv","Comedy|Drama|Romance"
"413","Yearly","Madgwick","Lincoln","null","Blue","Drama"
"414","Yearly","null","Ford","null","Aquamarine","Horror|Mystery|Thriller"
"415","Once","Morais","Suzuki","null","Fuscia","Comedy|Drama|Romance"
"416","Monthly","McCarrick","Mazda","null","Fuscia","Comedy|Romance"
"417","Once","null","Ford","null","Orange","Comedy|Musical"
"418","Once","Leven","null","null","Mauv","Drama"
"419","Monthly","Hedon","null","null","Fuscia","Drama"
"420","Once","Prazor","null","null","Goldenrod","Comedy|Drama|Horror|Thriller"
"421","Weekly","Lymbourne","Bentley","New Zealand Sign Language","Green","Crime|Drama"
"422","Once","Alcock","Scion","null","Khaki","Action"
"423","Weekly","null","Ford","null","Yellow","Action|Adventure"
"424","Yearly","Okeshott","Dodge","Hindi","Goldenrod","Children|Comedy"
"425","Once","McLenahan","BMW","null","Aquamarine","Documentary"
"426","Yearly","Sipson","Isuzu","null","Puce","Documentary"
"427","Yearly","Growden","null","Malayalam","Pink","Comedy|Drama|Romance"
"428","Once","Benne","Volkswagen","null","Goldenrod","Comedy"
"429","Once","null","Lexus","null","Maroon","Comedy|Romance"
"430","Monthly","Lethley","Saturn","null","Pink","Drama|Thriller"
"431","Yearly","Jellett","BMW","null","Aquamarine","Documentary"
"432","Weekly","null","Dodge","Czech","Teal","Drama"
"433","Once","Yashaev","Volvo","null","Red","Action|Crime"
"434","Monthly","Harflete","Mercedes-Benz","Tetum","Fuscia","Action|Fantasy|Horror|Thriller"
"435","Weekly","Spire","Ford","Sotho","Aquamarine","Action|Sci-Fi"
"436","Monthly","Castle","Lamborghini","English","Maroon","Drama"
"437","Weekly","Tranmer","Toyota","null","Orange","Horror|Thriller"
"438","Once","null","Ford","null","Violet","Comedy"
"439","Weekly","Fancett","Mercury","null","Turquoise","Drama|Romance"
"440","Weekly","Sydenham","Pontiac","Persian","Aquamarine","Adventure|Children|Drama"
"441","Yearly","Timpany","Mitsubishi","Swedish","Crimson","Drama"
"442","Once","Biddlecombe","Subaru","Korean","Khaki","Adventure|Animation|Drama|Fantasy|Sci-Fi"
"443","Weekly","Ference","Volvo","null","Maroon","Drama"
"444","Yearly","Duckit","Chevrolet","null","Mauv","Comedy"
"445","Monthly","null","Chevrolet","null","Khaki","Horror|Mystery|Thriller"
"446","Once","null","Pontiac","null","Teal","Drama"
"447","Weekly","Winckworth","Cadillac","Hungarian","Puce","Drama"
"448","Once","felip","Chevrolet","null","Blue","Comedy|Drama|Romance"
"449","Monthly","Haskayne","Ford","Gagauz","Purple","Drama"
"450","Monthly","Couper","Buick","null","Blue","Action|Adventure|Fantasy|Sci-Fi"
"451","Monthly","null","Audi","null","Fuscia","Comedy|Romance"
"452","Weekly","null","Mazda","null","Crimson","Thriller"
"453","Monthly","null","Toyota","null","Aquamarine","Documentary"
"454","Weekly","null","Chevrolet","Czech","Aquamarine","Action|Comedy|Sci-Fi"
"455","Weekly","Tibbles","Jeep","null","Goldenrod","Drama|Fantasy"
"456","Weekly","Tomaszynski","Mercedes-Benz","Latvian","Red","Animation|Comedy|Sci-Fi"
"457","Monthly","Domenichelli","Land Rover","null","Mauv","Animation|Drama|Mystery|Sci-Fi|Thriller"
"458","Once","Casella","Maybach","null","Yellow","Comedy|Drama|Romance"
"459","Weekly","Forrington","Lexus","null","Turquoise","Comedy|Drama"
"460","Once","Pantridge","Mercury","null","Indigo","Horror|Thriller"
"461","Yearly","Blaw","Cadillac","null","Fuscia","Adventure|Children|Fantasy"
"462","Weekly","Cowdroy","Kia","null","Fuscia","Drama|Mystery|Romance"
"463","Yearly","Weeden","GMC","null","Purple","Documentary"
"464","Once","Landell","Volkswagen","Luxembourgish","Violet","Comedy|Drama|Mystery|Thriller"
"465","Yearly","Deeks","BMW","Ndebele","Red","Drama"
"466","Yearly","Kiely","Lexus","null","Yellow","Comedy|Fantasy|Thriller"
"467","Weekly","null","Jaguar","Swedish","Maroon","Drama|Film-Noir"
"468","Once","Lennox","Pontiac","null","Red","Adventure|Romance"
"469","Weekly","Dodds","Chevrolet","Malagasy","Goldenrod","Action|Sci-Fi|Thriller|Western"
"470","Monthly","Laughrey","Audi","null","Indigo","Horror"
"471","Weekly","Moss","null","null","Violet","Comedy|Fantasy"
"472","Once","Bichard","Ford","null","Maroon","Crime|Drama"
"473","Yearly","Wichard","Mitsubishi","null","Maroon","Comedy|Horror"
"474","Weekly","null","Buick","null","Red","Documentary"
"475","Weekly","Casserley","GMC","null","Crimson","Children|Comedy"
"476","Yearly","null","Hyundai","Portuguese","Red","Comedy|Drama"
"477","Weekly","Royan","Kia","null","Goldenrod","Drama"
"478","Once","Puig","Nissan","null","Red","Drama|War"
"479","Monthly","null","GMC","null","Orange","Drama|Thriller"
"480","Monthly","Trotton","Volvo","Hungarian","Purple","Animation"
"481","Weekly","null","Mitsubishi","Lao","Goldenrod","Documentary"
"482","Once","Downse","Volvo","null","Yellow","Drama"
"483","Monthly","null","null","Montenegrin","Indigo","Documentary"
"484","Weekly","Robillart","Buick","Tajik","Blue","Drama|War"
"485","Monthly","Giacomozzo","Chevrolet","Kazakh","Goldenrod","Comedy|Horror"
"486","Weekly","Glaister","Toyota","Norwegian","Khaki","Documentary"
"487","Once","Harraway","Volkswagen","null","Khaki","Comedy|Drama"
"488","Once","null","Chevrolet","null","Orange","Thriller"
"489","Weekly","O'Caine","Mazda","null","Pink","Drama"
"490","Monthly","McElane","Ford","null","Pink","Comedy|Drama|Romance"
"491","Once","Athersmith","Toyota","null","Indigo","Drama|Thriller|War"
"492","Once","Bonnette","Mazda","Tamil","Indigo","Drama"
"493","Once","Owtram","Honda","null","Khaki","Comedy|Crime"
"494","Once","Oddboy","Nissan","null","Fuscia","Drama|Mystery"
"495","Yearly","null","Lincoln","null","Green","Thriller"
"496","Monthly","Stud","GMC","null","Indigo","Drama|Mystery|Thriller"
"497","Monthly","Crinkley","Chrysler","Portuguese","Mauv","Comedy|Crime"
"498","Once","Odcroft","Ford","Hiri Motu","Fuscia","Western"
"499","Yearly","O'Sheilds","Buick","null","Blue","Horror|Sci-Fi"
"500","Monthly","Coates","Maybach","null","Mauv","Drama"
"501","Once","Mcimmie","Ford","null","Purple","Crime|Drama|Mystery"
"502","Once","Mallock","Pontiac","English","Crimson","Western"
"503","Once","Currell","Saturn","Maltese","Red","Comedy"
"504","Monthly","Brill","Pontiac","null","Crimson","Comedy|Drama"
"505","Yearly","Clayal","Buick","null","Goldenrod","Action|Animation|Comedy"
"506","Once","Smorfit","Hyundai","Tetum","Teal","Comedy|Drama"
"507","Weekly","Ailward","Ford","null","Fuscia","Action|Comedy"
"508","Yearly","Wofenden","Chrysler","null","Red","Drama|Romance"
"509","Yearly","null","Pontiac","null","Aquamarine","(no genres listed)"
"510","Weekly","Jillard","GMC","Irish Gaelic","Crimson","Comedy"
"511","Monthly","null","Oldsmobile","Malay","Goldenrod","Drama|Romance"
"512","Monthly","Higginbottam","Mazda","null","Green","Comedy|Romance"
"513","Monthly","null","Volkswagen","null","Yellow","Drama"
"514","Once","Jantel","Toyota","null","Violet","Drama|Film-Noir"
"515","Yearly","Wintersgill","GMC","null","Orange","Comedy|Drama|Romance"
"516","Weekly","Dexter","Ford","null","Fuscia","Comedy|Crime|Thriller"
"517","Yearly","Reditt","Land Rover","null","Yellow","Drama|Horror|Mystery"
"518","Monthly","Lund","Maserati","null","Goldenrod","Horror|Sci-Fi"
"519","Monthly","Hunting","Toyota","null","Crimson","Horror|Thriller"
"520","Weekly","Parzis","Volkswagen","null","Pink","Crime|Mystery"
"521","Once","Abthorpe","BMW","null","Indigo","Drama"
"522","Yearly","Poytres","Ford","null","Blue","Adventure|Animation|Children|Comedy"
"523","Once","McLaughlan","Hyundai","null","Violet","Children|Drama|Fantasy"
"524","Once","Holbie","Toyota","null","Puce","Drama"
"525","Weekly","Goldthorpe","Ford","null","Maroon","Drama"
"526","Weekly","Easom","Land Rover","null","Blue","Comedy|Documentary"
"527","Yearly","Titterton","null","null","Pink","Drama|Mystery|Sci-Fi"
"528","Monthly","Hornung","Chevrolet","null","Maroon","Comedy|Romance"
"529","Once","Roland","Ford","null","Pink","Comedy"
"530","Weekly","Rochewell","Buick","null","Maroon","Drama"
"531","Once","Cadamy","Chevrolet","null","Green","Documentary"
"532","Monthly","Kernock","Lotus","English","Green","Drama|War"
"533","Yearly","Rolph","Acura","null","Teal","Comedy|Mystery"
"534","Weekly","Raikes","Dodge","null","Turquoise","Drama|War"
"535","Weekly","Karus","Nissan","null","Turquoise","Crime|Drama"
"536","Monthly","Franceschi","Mitsubishi","null","Teal","Comedy"
"537","Yearly","Naerup","Cadillac","Malayalam","Goldenrod","Comedy|Horror"
"538","Once","Pessold","Audi","null","Goldenrod","Comedy"
"539","Yearly","Dartnall","Chevrolet","West Frisian","Red","Comedy"
"540","Once","Pietranek","Buick","null","Teal","Crime|Drama"
"541","Weekly","Ghilks","Subaru","null","Khaki","Comedy"
"542","Once","null","Lincoln","null","Yellow","Comedy|Drama"
"543","Yearly","null","Mitsubishi","Tsonga","Indigo","Drama"
"544","Once","null","Maserati","Tajik","Puce","Horror"
"545","Monthly","Olivazzi","Chevrolet","Albanian","Puce","Comedy|Drama"
"546","Yearly","Abramof","Acura","Moldovan","Red","Comedy"
"547","Once","null","Ford","Swati","Blue","Comedy"
"548","Once","Di Matteo","Honda","null","Green","Documentary"
"549","Yearly","Scotter","Chrysler","null","Turquoise","Drama"
"550","Yearly","Brettell","Buick","null","Orange","Documentary"
"551","Weekly","Messent","GMC","null","Aquamarine","Comedy|Drama"
"552","Weekly","Paoli","Honda","null","Goldenrod","Comedy|Musical|Romance"
"553","Once","Khristoforov","Audi","null","Yellow","Comedy|Drama|Romance|Western"
"554","Yearly","null","Porsche","null","Violet","Comedy|Sci-Fi"
"555","Yearly","Mein","Pontiac","Kashmiri","Violet","Drama"
"556","Weekly","Antognazzi","Audi","null","Puce","Drama|Romance"
"557","Once","null","Chevrolet","null","Red","Documentary"
"558","Weekly","null","BMW","null","Turquoise","Drama"
"559","Yearly","Sleeford","Hyundai","Czech","Maroon","Comedy|Horror"
"560","Yearly","Edmund","Buick","null","Aquamarine","Action|Comedy|Crime|Mystery"
"561","Yearly","Blythin","Saab","null","Goldenrod","Comedy|Romance"
"562","Yearly","null","Maserati","null","Turquoise","Crime|Drama|Film-Noir|Thriller"
"563","Yearly","Pattington","GMC","null","Teal","Horror"
"564","Yearly","Woodham","Ford","null","Crimson","Drama"
"565","Monthly","Armatidge","Infiniti","null","Aquamarine","Comedy|Drama|War"
"566","Weekly","Grabeham","Toyota","null","Yellow","Comedy|Drama|Fantasy"
"567","Yearly","null","Honda","Icelandic","Mauv","Comedy"
"568","Weekly","Proschke","Dodge","null","Pink","Adventure|Crime|Horror"
"569","Yearly","Raubenheimer","Ford","null","Indigo","Drama"
"570","Weekly","null","Nissan","null","Green","Comedy"
"571","Once","null","Infiniti","Kazakh","Indigo","Adventure|Animation|Children|Comedy|Fantasy"
"572","Monthly","Tytler","Buick","Aymara","Indigo","Comedy|Drama"
"573","Weekly","Serjeantson","BMW","Somali","Fuscia","Action|Animation|Fantasy"
"574","Weekly","Coyish","GMC","Tajik","Fuscia","Horror"
"575","Once","Burnage","Pontiac","null","Violet","Drama"
"576","Once","Crippill","Mazda","null","Mauv","Drama|War"
"577","Once","Carillo","GMC","Arabic","Teal","Crime|Drama"
"578","Yearly","Crystal","Ford","null","Khaki","Drama"
"579","Monthly","Strathern","Toyota","null","Purple","Comedy|Romance"
"580","Once","Yerrington","Mercury","null","Blue","Fantasy|Romance"
"581","Yearly","Rikard","Pontiac","null","Indigo","Crime"
"582","Monthly","Trenouth","Ford","Icelandic","Aquamarine","Drama"
"583","Monthly","null","Infiniti","null","Maroon","Documentary"
"584","Yearly","null","Cadillac","Kurdish","Violet","Documentary"
"585","Monthly","null","BMW","Moldovan","Puce","Drama"
"586","Monthly","Parkman","Porsche","null","Maroon","Drama|Mystery|Romance|Thriller"
"587","Once","Ipsly","Hyundai","null","Red","Drama"
"588","Weekly","D'Alesio","Dodge","null","Violet","Comedy|Drama|Romance"
"589","Monthly","Ellacott","Suzuki","null","Aquamarine","Adventure|Thriller|Western"
"590","Once","Jacklings","BMW","null","Yellow","Drama"
"591","Yearly","null","Jeep","null","Violet","Drama"
"592","Once","Dilleway","null","null","Orange","Adventure|Comedy|Romance"
"593","Monthly","Simoes","Ford","Lao","Indigo","Comedy"
"594","Yearly","Sharma","Porsche","Czech","Crimson","Comedy"
"595","Monthly","Gisburn","Toyota","null","Yellow","Action|Crime"
"596","Weekly","Mundy","Buick","null","Purple","Drama|Romance|War"
"597","Weekly","O'Lehane","Audi","null","Khaki","Drama"
"598","Yearly","null","Hummer","null","Blue","Comedy|Musical|Western"
"599","Monthly","Drysdell","BMW","null","Khaki","Comedy|Horror|Sci-Fi"
"600","Yearly","Layfield","Mercedes-Benz","null","Blue","Drama"
"601","Once","null","null","null","Indigo","Drama"
"602","Yearly","Ventom","Ford","null","Maroon","Drama|Fantasy|Horror|Mystery"
"603","Once","Parkman","Pontiac","null","Aquamarine","Action|Drama"
"604","Weekly","null","Dodge","null","Purple","Action|Comedy|Crime|Thriller"
"605","Monthly","Angless","null","Somali","Maroon","Drama"
"606","Yearly","null","Toyota","null","Maroon","Horror"
"607","Yearly","null","Pontiac","null","Blue","Comedy"
"608","Once","Tayloe","Ford","null","Purple","Drama"
"609","Monthly","Kaye","Toyota","null","Red","Drama"
"610","Yearly","null","Mercury","null","Fuscia","Documentary"
"611","Yearly","Hawkswell","Chevrolet","null","Khaki","Action|Fantasy|Horror"
"612","Weekly","null","Cadillac","null","Mauv","Comedy|Drama"
"613","Yearly","Devon","Suzuki","null","Red","Drama"
"614","Monthly","Leathe","Jaguar","null","Fuscia","Documentary"
"615","Monthly","Wrankmore","Mercedes-Benz","null","Mauv","Drama"
"616","Monthly","Murr","Rolls-Royce","Telugu","Yellow","Crime|Drama"
"617","Weekly","Guerrier","Infiniti","null","Orange","Comedy"
"618","Weekly","null","Mazda","null","Goldenrod","Comedy|Musical|Sci-Fi"
"619","Yearly","null","Isuzu","Afrikaans","Blue","Crime|Drama"
"620","Monthly","Chrippes","Spyker","Korean","Purple","Drama"
"621","Weekly","Muttock","BMW","Montenegrin","Fuscia","Adventure|Documentary"
"622","Yearly","Litchfield","Scion","Yiddish","Pink","Comedy|Drama|Romance"
"623","Yearly","D'Acth","Ford","null","Crimson","Action|Comedy"
"624","Weekly","Greenlees","Ford","null","Mauv","Comedy|Drama"
"625","Once","Crisford","Suzuki","Pashto","Pink","Action"
"626","Once","null","Lincoln","Indonesian","Turquoise","Thriller"
"627","Once","Jovicevic","Lamborghini","null","Maroon","Comedy|Drama|Romance|Thriller"
"628","Monthly","Dandison","Cadillac","Swedish","Purple","Crime|Film-Noir|Mystery|Thriller"
"629","Monthly","null","Ford","null","Violet","Documentary"
"630","Yearly","Rozzier","Saab","Luxembourgish","Pink","Comedy|Drama"
"631","Once","null","null","null","Purple","Fantasy|Horror"
"632","Monthly","Giannasi","Toyota","null","Red","Comedy|Mystery"
"633","Once","Droghan","Mazda","null","Violet","Drama"
"634","Monthly","Bushill","Ford","Bosnian","Turquoise","Western"
"635","Weekly","Whellams","Chevrolet","null","Pink","Documentary"
"636","Weekly","Askell","Toyota","Czech","Crimson","Action"
"637","Yearly","Barham","Toyota","null","Fuscia","Thriller"
"638","Yearly","null","Chevrolet","null","Goldenrod","Documentary"
"639","Weekly","Brugmann","Nissan","French","Fuscia","Drama|Thriller"
"640","Once","null","Dodge","null","Pink","Horror|Thriller"
"641","Monthly","McGovern","Pontiac","null","Fuscia","Drama|Romance"
"642","Weekly","Finby","Subaru","null","Orange","Documentary"
"643","Weekly","Kesteven","Ford","null","Violet","Drama"
"644","Yearly","Broster","Mazda","null","Violet","Drama"
"645","Yearly","Burnip","Smart","Amharic","Orange","Drama|Horror"
"646","Monthly","Shilstone","Mitsubishi","Azeri","Green","Drama|Mystery|Thriller"
"647","Yearly","null","Chevrolet","null","Violet","Action|Comedy|Crime|Thriller"
"648","Once","Megroff","Ford","null","Mauv","Comedy|Drama"
"649","Once","null","Mazda","null","Orange","Comedy|Sci-Fi"
"650","Yearly","MacShane","Honda","null","Pink","Comedy|Drama"
"651","Yearly","null","Dodge","null","Goldenrod","Adventure|Comedy|Drama"
"652","Monthly","Frankis","Oldsmobile","null","Crimson","Children|Comedy|Drama"
"653","Yearly","Le Provost","Infiniti","null","Mauv","Animation|Children|Comedy|Drama"
"654","Weekly","null","Ford","null","Yellow","Documentary"
"655","Yearly","null","Jaguar","null","Yellow","Romance|Thriller"
"656","Weekly","Worssam","null","null","Aquamarine","Drama"
"657","Yearly","null","Isuzu","null","Goldenrod","Drama|Thriller"
"658","Yearly","Seeborne","Audi","null","Green","Documentary"
"659","Yearly","Scholey","GMC","null","Fuscia","Drama"
"660","Weekly","Winterbotham","Ford","German","Khaki","Comedy|Drama"
"661","Yearly","Lavalle","Mitsubishi","null","Goldenrod","Drama"
"662","Monthly","null","Hummer","null","Mauv","Children|Drama"
"663","Weekly","Austen","Mazda","null","Red","(no genres listed)"
"664","Yearly","Allmann","Suzuki","null","Turquoise","Action|Sci-Fi"
"665","Weekly","Twiname","Suzuki","null","Green","Drama|Romance"
"666","Weekly","null","Chevrolet","null","Aquamarine","Action|Crime|Mystery|Thriller"
"667","Weekly","null","Suzuki","null","Khaki","Adventure|Crime|Drama"
"668","Monthly","Broomhead","Lotus","null","Pink","Action|Fantasy|Horror|Romance"
"669","Once","null","Chevrolet","Lao","Blue","Drama"
"670","Once","Oleszkiewicz","Chevrolet","null","Turquoise","Action|Comedy|Crime"
"671","Weekly","Murrigans","Toyota","Assamese","Violet","Drama"
"672","Monthly","Ackeroyd","Maserati","null","Khaki","Action|Comedy"
"673","Weekly","Sheerin","null","null","Khaki","Action|Crime|Thriller"
"674","Yearly","Prandy","Chevrolet","null","Purple","Comedy|Horror"
"675","Once","Kleimt","Audi","Tajik","Fuscia","Drama|Romance"
"676","Once","null","null","Swedish","Puce","Drama|Mystery"
"677","Yearly","null","Maserati","null","Aquamarine","Crime|Drama"
"678","Yearly","null","Acura","Irish Gaelic","Blue","Horror"
"679","Weekly","Kleint","BMW","Kannada","Pink","Drama"
"680","Weekly","Drackford","Hyundai","null","Khaki","Drama|Romance"
"681","Weekly","null","Chrysler","null","Red","Drama|War"
"682","Once","Hubbins","Chevrolet","null","Orange","Action|Horror|Sci-Fi"
"683","Yearly","Mylchreest","Oldsmobile","null","Indigo","Drama|Horror|Thriller"
"684","Once","Duberry","Nissan","null","Purple","Comedy|Drama"
"685","Weekly","null","Bentley","null","Puce","Horror"
"686","Once","Vicent","Buick","null","Maroon","Children|Comedy|Mystery"
"687","Once","Kopec","Honda","null","Blue","Crime|Drama|Mystery"
"688","Monthly","Dollar","Saab","null","Goldenrod","Horror|Sci-Fi|Thriller"
"689","Yearly","Flucks","Lincoln","null","Khaki","Drama|Romance"
"690","Once","Crilley","Volkswagen","null","Red","Action|Crime|Drama|Sci-Fi|Thriller"
"691","Yearly","null","Dodge","null","Violet","Comedy|Drama"
"692","Weekly","null","null","Tok Pisin","Orange","Comedy|Drama|Horror|Romance|Thriller"
"693","Monthly","Beckenham","Porsche","Luxembourgish","Turquoise","Adventure|Sci-Fi"
"694","Yearly","null","Dodge","Indonesian","Maroon","Horror|Sci-Fi"
"695","Weekly","null","Chevrolet","Burmese","Indigo","Drama"
"696","Yearly","Lowis","Ford","null","Crimson","Drama|Romance"
"697","Once","null","Ford","null","Purple","Comedy|Drama"
"698","Monthly","null","Volkswagen","Malayalam","Indigo","Comedy"
"699","Weekly","null","Lexus","null","Purple","Documentary"
"700","Yearly","Tennison","Pontiac","null","Orange","Drama"
"701","Once","null","Chevrolet","null","Crimson","Comedy"
"702","Yearly","Drewet","Mitsubishi","null","Pink","Documentary"
"703","Weekly","Cronkshaw","Chevrolet","null","Orange","Drama|Romance"
"704","Weekly","Rubert","Acura","Marathi","Fuscia","Comedy|Drama"
"705","Once","null","Mercedes-Benz","null","Crimson","Action|Comedy|Crime"
"706","Weekly","Stops","null","null","Teal","Adventure|Crime|Drama|Horror|Mystery"
"707","Once","Wilacot","Chevrolet","Guaraní","Red","Mystery"
"708","Once","Cottrill","Lexus","Marathi","Khaki","Horror"
"709","Monthly","Scullard","Infiniti","null","Fuscia","Comedy|Drama|Romance"
"710","Once","Jopp","Chevrolet","null","Puce","Animation|Sci-Fi"
"711","Yearly","null","Spyker","null","Indigo","Drama"
"712","Yearly","Gurr","Ford","null","Puce","Western"
"713","Yearly","null","Volvo","null","Maroon","Thriller"
"714","Monthly","null","Nissan","null","Green","Documentary"
"715","Weekly","null","Dodge","Czech","Blue","Fantasy|Horror|Mystery"
"716","Once","Rallin","Mitsubishi","null","Crimson","Drama"
"717","Monthly","null","Chevrolet","Danish","Orange","Action|Drama|Thriller|War"
"718","Yearly","Casper","Audi","null","Purple","Western"
"719","Weekly","Swinerd","Mazda","null","Aquamarine","Drama"
"720","Once","Skiplorne","Chrysler","null","Violet","Comedy"
"721","Weekly","Cluatt","Ford","Latvian","Khaki","Adventure"
"722","Monthly","null","Volkswagen","null","Aquamarine","Action|Adventure|Drama|War"
"723","Monthly","Trays","Buick","null","Teal","Action|Comedy"
"724","Weekly","Annice","Hyundai","null","Pink","Action|Crime|Drama|Thriller"
"725","Yearly","Lonsdale","GMC","null","Teal","Horror|Sci-Fi"
"726","Yearly","Veare","Volkswagen","Lithuanian","Orange","Comedy|Romance"
"727","Monthly","null","Dodge","Zulu","Purple","Documentary"
"728","Once","null","Ford","null","Orange","Action|Adventure|Fantasy"
"729","Yearly","Minthorpe","Mercedes-Benz","null","Green","Documentary"
"730","Once","null","Ford","null","Aquamarine","Crime|Drama|Horror|Thriller"
"731","Weekly","Ivens","Mazda","null","Green","Drama|Mystery"
"732","Monthly","Roddell","null","null","Goldenrod","Documentary"
"733","Yearly","null","Volkswagen","null","Turquoise","Drama|War"
"734","Monthly","Hadye","Chrysler","null","Maroon","Drama|Musical"
"735","Monthly","Barth","null","null","Violet","Comedy|Crime|Drama"
"736","Weekly","Aimable","Dodge","null","Indigo","Drama|War|Western"
"737","Weekly","Jerwood","Dodge","null","Teal","Comedy"
"738","Weekly","Murrum","null","null","Blue","Drama"
"739","Once","Cow","Mercedes-Benz","null","Purple","Adventure"
"740","Yearly","null","BMW","Kazakh","Turquoise","Drama|Romance"
"741","Monthly","Rowswell","Chrysler","null","Mauv","Comedy"
"742","Once","Curragh","null","null","Blue","Action|Adventure|Comedy|Drama"
"743","Weekly","Trehearn","Lexus","null","Goldenrod","Drama|War"
"744","Monthly","Bramble","Land Rover","null","Green","Action|Romance"
"745","Yearly","Hardacre","Ford","Tok Pisin","Red","Action|Drama|Thriller"
"746","Weekly","Nuton","Lincoln","Tetum","Maroon","Comedy"
"747","Yearly","Amiable","Mazda","null","Goldenrod","Drama|Thriller"
"748","Yearly","Boylin","Chrysler","null","Yellow","Action|Comedy|Crime"
"749","Yearly","Blackbourn","Mercedes-Benz","null","Puce","Drama"
"750","Once","Fencott","Lamborghini","Polish","Pink","Crime|Drama"
"751","Monthly","Cove","Toyota","null","Red","Horror"
"752","Monthly","Sugge","Hyundai","Afrikaans","Violet","Drama|Western"
"753","Once","Draisey","Buick","null","Red","Crime|Mystery"
"754","Weekly","Pickover","null","null","Blue","Action|Adventure"
"755","Yearly","Antonin","Ferrari","Thai","Pink","Horror"
"756","Once","Panks","Ford","null","Pink","Comedy"
"757","Yearly","Hargroves","Subaru","null","Red","Adventure|Animation|Fantasy|Sci-Fi"
"758","Monthly","Perrington","BMW","null","Green","Drama|War"
"759","Yearly","Worts","Maserati","null","Puce","Horror|Sci-Fi"
"760","Once","null","Subaru","null","Goldenrod","Romance"
"761","Monthly","Neeves","Mercedes-Benz","null","Fuscia","Drama"
"762","Monthly","Mansell","Chevrolet","null","Maroon","Documentary"
"763","Yearly","null","Mitsubishi","null","Violet","Documentary|Mystery"
"764","Weekly","Blanden","Mazda","Bosnian","Indigo","Comedy"
"765","Monthly","Heinert","Mercedes-Benz","null","Goldenrod","Comedy"
"766","Yearly","Earthfield","Honda","null","Crimson","Comedy|Crime|Drama"
"767","Yearly","Matusovsky","Ford","null","Turquoise","Comedy|Drama|War"
"768","Weekly","Burril","Ford","null","Indigo","Comedy|Fantasy"
"769","Yearly","Antoszewski","Ford","Lao","Maroon","Drama"
"770","Yearly","Bicknell","Scion","null","Pink","Action|Adventure|Drama|Fantasy|Thriller"
"771","Once","null","Jaguar","Azeri","Green","Documentary"
"772","Yearly","Ledrane","Mercedes-Benz","Macedonian","Turquoise","Comedy|Drama|Romance"
"773","Weekly","Sandars","GMC","null","Teal","Adventure|Crime|Drama|Fantasy|Mystery|Thriller"
"774","Once","Polin","Ford","null","Turquoise","Action|Crime|Mystery|Thriller"
"775","Monthly","null","Mazda","Haitian Creole","Blue","Romance|Thriller"
"776","Weekly","null","Infiniti","null","Indigo","Documentary"
"777","Monthly","Dangerfield","Volkswagen","null","Indigo","Crime|Drama|Thriller"
"778","Monthly","Wyss","Mazda","null","Fuscia","Drama"
"779","Once","Santhouse","Mitsubishi","null","Fuscia","Drama|War"
"780","Yearly","Kitcher","Lotus","null","Purple","Drama|Film-Noir"
"781","Monthly","Micklem","Chevrolet","null","Goldenrod","(no genres listed)"
"782","Weekly","Fenge","null","null","Violet","Drama"
"783","Monthly","null","Chevrolet","null","Red","Drama|Film-Noir|Thriller"
"784","Weekly","Brewin","Ford","null","Khaki","Comedy|Drama"
"785","Monthly","Morhall","Kia","Armenian","Violet","Horror|Mystery"
"786","Weekly","null","Rolls-Royce","null","Turquoise","Comedy|Drama"
"787","Weekly","Medlar","Toyota","null","Turquoise","Drama|Film-Noir|Musical"
"788","Yearly","Perrygo","Volvo","null","Indigo","Horror|Thriller"
"789","Monthly","Burnip","Mercedes-Benz","Luxembourgish","Crimson","Action|Horror|Thriller"
"790","Yearly","Hazelgreave","Buick","null","Violet","Drama"
"791","Once","Anglish","Oldsmobile","null","Green","Adventure|Animation|Children"
"792","Yearly","null","Volvo","null","Aquamarine","Action|Drama"
"793","Monthly","Darton","Honda","Croatian","Aquamarine","Comedy|Romance"
"794","Monthly","null","Subaru","Malayalam","Indigo","Comedy|Romance"
"795","Weekly","null","Ford","Papiamento","Mauv","Comedy|Romance"
"796","Monthly","Lammiman","Mitsubishi","Luxembourgish","Yellow","Adventure|Documentary|Drama"
"797","Monthly","Rude","Ford","Tetum","Pink","Comedy|Documentary"
"798","Weekly","Bouch","Oldsmobile","null","Indigo","Crime|Drama|Mystery|Thriller"
"799","Yearly","null","Mercedes-Benz","Croatian","Red","Drama|War"
"800","Once","Tedridge","Mazda","null","Khaki","Adventure|Horror|Sci-Fi"
"801","Monthly","null","Foose","null","Teal","Drama"
"802","Weekly","Verissimo","null","null","Turquoise","Drama|Thriller"
"803","Yearly","Gosart","Aston Martin","null","Pink","(no genres listed)"
"804","Once","Daughtrey","Dodge","Tswana","Fuscia","Comedy"
"805","Monthly","Mark","GMC","null","Yellow","Documentary"
"806","Once","null","Chevrolet","null","Orange","Drama"
"807","Yearly","Carrivick","Infiniti","null","Teal","Action|Drama|Fantasy"
"808","Monthly","null","Infiniti","Czech","Yellow","Action|Comedy"
"809","Yearly","Dyos","Toyota","null","Mauv","Horror"
"810","Yearly","Ridoutt","Buick","null","Teal","Drama"
"811","Weekly","Lidster","null","null","Fuscia","Crime|Drama"
"812","Yearly","Mattielli","Cadillac","Finnish","Teal","Drama"
"813","Yearly","Baddeley","Chrysler","null","Puce","Action|Animation|Drama|Sci-Fi"
"814","Yearly","null","Chevrolet","null","Purple","Comedy"
"815","Monthly","Coetzee","Audi","null","Maroon","Action|Drama|War"
"816","Monthly","Cayley","Isuzu","null","Violet","Drama|Romance"
"817","Monthly","Maric","GMC","null","Pink","Action|Adventure|Fantasy|IMAX"
"818","Weekly","Windless","Honda","Arabic","Aquamarine","Drama"
"819","Weekly","Vashchenko","null","null","Red","Animation|Mystery|Thriller"
"820","Monthly","Luppitt","Mitsubishi","null","Pink","Documentary"
"821","Yearly","Degoy","Lincoln","null","Goldenrod","Drama|War"
"822","Weekly","Grindle","Chevrolet","Lao","Puce","Drama|War"
"823","Monthly","Tempest","Pontiac","null","Purple","Drama|Mystery"
"824","Once","Kippie","null","null","Mauv","Drama"
"825","Yearly","Thurgood","Cadillac","null","Crimson","Romance"
"826","Once","Eyrl","Ford","null","Fuscia","Drama"
"827","Weekly","Mesant","Plymouth","null","Pink","Drama"
"828","Yearly","Willshee","Lincoln","Greek","Pink","Adventure|Film-Noir|Sci-Fi|Thriller"
"829","Weekly","Shird","Dodge","Guaraní","Teal","Action|War"
"830","Monthly","Tideswell","null","null","Puce","Animation|Children|Comedy|Musical"
"831","Once","Fawkes","Chrysler","null","Indigo","Comedy|Horror"
"832","Once","Capelen","Porsche","null","Puce","Crime|Drama"
"833","Weekly","Pitfield","Nissan","Greek","Blue","Comedy|Drama"
"834","Yearly","null","Eagle","null","Aquamarine","Documentary"
"835","Once","Simoncelli","Lincoln","null","Turquoise","Horror|Thriller"
"836","Yearly","O'Doireidh","Suzuki","Kazakh","Pink","Comedy|Romance"
"837","Once","Silby","Aston Martin","null","Indigo","Action|Animation|Children"
"838","Yearly","Grimoldby","Ford","null","Violet","Comedy"
"839","Once","Blackah","Mercury","Kazakh","Teal","Fantasy|IMAX"
"840","Yearly","Traher","null","Georgian","Turquoise","Comedy"
"841","Yearly","Trumper","Mazda","Haitian Creole","Turquoise","Drama|Romance"
"842","Monthly","Twamley","Ferrari","null","Maroon","Crime|Drama|Mystery|Thriller"
"843","Monthly","Sucre","Chrysler","Thai","Pink","Drama"
"844","Monthly","Biskup","Audi","null","Orange","Comedy"
"845","Weekly","null","Pontiac","null","Purple","Adventure|Drama|Film-Noir|Thriller"
"846","Yearly","Cameron","Honda","null","Orange","Drama"
"847","Yearly","Howden","Volvo","null","Crimson","Action|Horror|Sci-Fi|Thriller"
"848","Once","Muir","Ford","null","Yellow","Crime|Drama"
"849","Yearly","null","Mazda","Afrikaans","Aquamarine","Comedy|Drama"
"850","Weekly","Goodey","Mitsubishi","null","Purple","Documentary"
"851","Once","McGlashan","Pontiac","null","Fuscia","Drama"
"852","Monthly","Muriel","BMW","Kyrgyz","Teal","Drama|Romance|Thriller"
"853","Monthly","Danzey","BMW","null","Teal","Action"
"854","Weekly","Prickett","Mazda","null","Purple","Drama"
"855","Once","Todarello","Buick","null","Yellow","Comedy"
"856","Once","Leve","Suzuki","West Frisian","Maroon","Action|Comedy"
"857","Once","null","Dodge","Italian","Maroon","Comedy|Drama"
"858","Weekly","Cobbold","Honda","null","Indigo","Comedy|Romance"
"859","Weekly","null","Dodge","null","Mauv","Drama"
"860","Once","Flockhart","Mazda","null","Goldenrod","Documentary"
"861","Monthly","Millgate","Chevrolet","null","Crimson","Comedy|Horror|Sci-Fi"
"862","Once","Izatson","GMC","Czech","Blue","Comedy|Drama|Romance"
"863","Weekly","Dod","Audi","null","Purple","Western"
"864","Once","null","GMC","Croatian","Indigo","Documentary"
"865","Yearly","Janouch","Jeep","null","Mauv","Comedy"
"866","Yearly","null","Chrysler","null","Turquoise","Drama"
"867","Yearly","Berthot","Jaguar","Macedonian","Indigo","Horror"
"868","Monthly","Jonuzi","Toyota","Aymara","Red","Documentary|War"
"869","Yearly","McKall","Nissan","Kazakh","Red","Drama|Horror|Thriller"
"870","Yearly","Janeczek","GMC","Oriya","Teal","Action|Thriller"
"871","Monthly","null","Volkswagen","null","Teal","Comedy"
"872","Yearly","Heeney","Ford","null","Crimson","Adventure|Fantasy|Mystery"
"873","Monthly","Probert","Mercedes-Benz","Yiddish","Goldenrod","Action|Comedy"
"874","Monthly","McKeggie","Toyota","null","Aquamarine","Comedy|Crime|Film-Noir|Mystery|Romance|Thriller"
"875","Yearly","null","Suzuki","Portuguese","Puce","Drama|Fantasy|Mystery"
"876","Weekly","Clowney","Mercedes-Benz","null","Teal","Drama|Thriller"
"877","Monthly","null","Nissan","null","Blue","Crime|Drama|Thriller"
"878","Weekly","Flanner","Mazda","null","Aquamarine","Comedy|Drama"
"879","Once","Albutt","null","null","Khaki","Drama|Thriller"
"880","Once","Gandrich","Buick","German","Goldenrod","Drama"
"881","Weekly","Courtenay","Ford","null","Turquoise","Drama"
"882","Yearly","null","Volkswagen","null","Aquamarine","Documentary"
"883","Weekly","Daughtery","BMW","null","Teal","Drama|Musical|Romance"
"884","Weekly","null","Jeep","null","Crimson","Comedy"
"885","Monthly","null","Mercedes-Benz","null","Indigo","Comedy|Documentary"
"886","Monthly","null","Chevrolet","null","Indigo","Documentary"
"887","Monthly","Botte","GMC","Kazakh","Khaki","Crime|Drama"
"888","Once","Franschini","Nissan","Sotho","Violet","Comedy|Drama|Romance"
"889","Once","Parriss","Saab","null","Puce","Drama"
"890","Yearly","null","Dodge","Burmese","Red","Comedy"
"891","Yearly","null","Mercury","null","Blue","Comedy"
"892","Once","null","Isuzu","Telugu","Mauv","Animation"
"893","Once","Meharg","Volkswagen","null","Crimson","Drama"
"894","Yearly","Scraney","Mazda","null","Puce","Drama"
"895","Once","Oxherd","Cadillac","Swati","Violet","Drama"
"896","Weekly","null","Volkswagen","Kyrgyz","Red","Crime|Fantasy|Horror"
"897","Monthly","Mitrikhin","Mitsubishi","null","Fuscia","Documentary"
"898","Monthly","null","Hyundai","null","Crimson","Drama|Romance"
"899","Monthly","null","Nissan","null","Turquoise","Adventure|Children|Comedy|Fantasy"
"900","Monthly","Josuweit","Suzuki","null","Pink","Action|Adventure|Fantasy"
"901","Once","Browett","Chevrolet","null","Fuscia","Adventure|Comedy|Drama"
"902","Yearly","Crunkhurn","Lexus","null","Goldenrod","Action|Crime|Drama"
"903","Yearly","Goodredge","Ford","null","Purple","Drama|Horror|Mystery|Thriller|War"
"904","Weekly","Tapenden","Mercedes-Benz","null","Maroon","Adventure|Animation|Children|Comedy|Musical"
"905","Yearly","null","Nissan","null","Yellow","Drama"
"906","Monthly","null","Mazda","null","Violet","Action|Adventure|Fantasy|War"
"907","Once","null","Ford","null","Crimson","Comedy|Documentary|Drama"
"908","Once","Pullar","Toyota","null","Maroon","Drama"
"909","Once","Reubbens","Ford","Malayalam","Turquoise","Comedy|Romance"
"910","Monthly","Baford","Lamborghini","null","Fuscia","Thriller|War"
"911","Yearly","Sleeny","BMW","null","Turquoise","Adventure|Comedy|Romance"
"912","Once","Heading","Hummer","Czech","Mauv","Drama|Romance"
"913","Yearly","Eustes","Pontiac","null","Crimson","Sci-Fi"
"914","Once","Harriss","Mazda","null","Purple","Comedy|Romance|Western"
"915","Once","Quernel","GMC","Tswana","Aquamarine","Drama|Thriller"
"916","Yearly","Entwhistle","Nissan","null","Green","Drama"
"917","Monthly","Bebis","GMC","null","Green","Action|Drama|Fantasy"
"918","Yearly","Phripp","Ford","Hindi","Purple","Comedy|Mystery|Romance"
"919","Weekly","null","Lexus","null","Goldenrod","Drama|Thriller"
"920","Weekly","Roycroft","Ford","New Zealand Sign Language","Teal","Action|Horror|Sci-Fi|Thriller"
"921","Weekly","null","GMC","null","Turquoise","Drama"
"922","Yearly","Fidgin","Mazda","null","Yellow","Horror|Sci-Fi"
"923","Yearly","Osgar","Honda","null","Violet","Comedy|Horror|Sci-Fi"
"924","Once","Heiden","null","null","Indigo","Comedy"
"925","Monthly","Chretien","Buick","Tswana","Puce","Comedy|Fantasy"
"926","Monthly","null","Subaru","null","Red","Comedy"
"927","Monthly","Brosnan","Aston Martin","null","Orange","Comedy|Crime"
"928","Weekly","Kreber","Buick","null","Mauv","Comedy|Drama|Romance"
"929","Weekly","null","null","null","Red","Drama"
"930","Weekly","null","Volkswagen","Fijian","Crimson","Drama|War"
"931","Once","null","null","null","Purple","Action|Thriller"
"932","Weekly","Turmel","Cadillac","null","Blue","Documentary"
"933","Monthly","Mannock","Chevrolet","West Frisian","Goldenrod","Crime|Drama|Film-Noir|Thriller"
"934","Weekly","null","Volvo","null","Purple","Documentary"
"935","Once","Goodman","Ford","null","Maroon","Action|Crime|Drama"
"936","Yearly","Laugharne","Pontiac","Albanian","Indigo","Drama"
"937","Yearly","null","GMC","null","Puce","Adventure|Drama|Fantasy|Romance|IMAX"
"938","Once","Nathan","GMC","null","Blue","Fantasy|Horror|Mystery"
"939","Monthly","Morrallee","Aptera","Bulgarian","Puce","Horror"
"940","Once","Disbrow","Pontiac","null","Indigo","Adventure|Fantasy"
"941","Yearly","null","Chevrolet","null","Teal","Drama"
"942","Yearly","Llewellen","Toyota","Indonesian","Turquoise","Children|Comedy"
"943","Once","Dinneen","Mitsubishi","null","Crimson","Drama"
"944","Yearly","Sackes","Mercury","null","Turquoise","Comedy|Documentary"
"945","Yearly","null","Volkswagen","null","Turquoise","Comedy|Drama"
"946","Weekly","null","Ford","null","Teal","Drama|Horror"
"947","Once","null","Audi","Croatian","Teal","Action|Adventure|Drama|Romance"
"948","Yearly","Leppard","Mazda","null","Goldenrod","Horror"
"949","Yearly","Smethurst","Plymouth","null","Aquamarine","Drama"
"950","Weekly","Chanson","Chevrolet","null","Orange","Comedy|Romance"
"951","Yearly","Kenworthey","Kia","null","Purple","Horror|Mystery"
"952","Weekly","Godsafe","Ford","Luxembourgish","Green","Comedy"
"953","Yearly","null","Subaru","null","Goldenrod","Documentary"
"954","Yearly","Melendez","Pontiac","Tok Pisin","Indigo","Drama"
"955","Once","null","Honda","null","Purple","Crime|Documentary"
"956","Monthly","null","Suzuki","null","Puce","Documentary|Horror"
"957","Once","Figgess","Mercedes-Benz","null","Green","Action"
"958","Once","null","Cadillac","null","Red","Comedy|Crime|Romance"
"959","Yearly","Vida","Audi","Catalan","Mauv","Documentary"
"960","Once","Gronaller","Lotus","null","Teal","Drama|Romance"
"961","Once","null","Porsche","null","Aquamarine","Horror|Thriller"
"962","Yearly","Vedstra","Saab","null","Red","Animation|Children|Comedy|Musical"
"963","Once","Tibols","GMC","null","Green","Drama|War"
"964","Once","Tree","Mazda","null","Indigo","Adventure|Romance"
"965","Weekly","Rockcliffe","Maserati","null","Pink","Crime|Drama"
"966","Monthly","Cholerton","Dodge","Marathi","Yellow","Comedy"
"967","Once","Berdale","Subaru","null","Goldenrod","Crime"
"968","Weekly","Dulanty","Acura","null","Mauv","Documentary"
"969","Monthly","Baumber","Dodge","null","Teal","Documentary|Musical"
"970","Weekly","null","Lamborghini","Telugu","Teal","Comedy"
"971","Monthly","Capnor","Saab","null","Maroon","Comedy|Romance"
"972","Monthly","Kytter","Buick","null","Indigo","Comedy|Romance"
"973","Weekly","O'Lenechan","Suzuki","null","Turquoise","Drama|Romance"
"974","Once","Trimming","Plymouth","null","Turquoise","Documentary"
"975","Monthly","Blackford","Mercedes-Benz","null","Aquamarine","Drama"
"976","Weekly","Perris","GMC","null","Violet","Documentary"
"977","Once","Zecchetti","Porsche","Malay","Indigo","Drama|Film-Noir|Mystery"
"978","Once","Halso","Chevrolet","New Zealand Sign Language","Pink","Comedy"
"979","Yearly","Dudden","Toyota","null","Yellow","Drama|Sci-Fi"
"980","Weekly","null","null","null","Puce","Crime|Thriller"
"981","Weekly","Leaf","Chevrolet","Kazakh","Crimson","Drama|Romance"
"982","Once","Finey","Nissan","null","Puce","Comedy"
"983","Monthly","Lebel","Chrysler","Bislama","Pink","Documentary"
"984","Yearly","Dunnet","Mazda","Azeri","Red","Comedy|Musical"
"985","Once","null","Volkswagen","null","Mauv","Comedy"
"986","Monthly","Di Francecshi","Suzuki","Fijian","Indigo","Action|Thriller"
"987","Weekly","null","Suzuki","null","Orange","Documentary|Musical"
"988","Once","Brawley","Lotus","Danish","Pink","Drama|Romance"
"989","Weekly","Mutimer","Isuzu","null","Goldenrod","Drama"
"990","Weekly","Damant","GMC","Tamil","Mauv","Documentary"
"991","Yearly","null","null","null","Indigo","Action|Romance|Thriller"
"992","Weekly","Inger","Volkswagen","null","Aquamarine","Western"
"993","Weekly","Antrim","Chevrolet","null","Teal","Western"
"994","Once","Dyett","Jeep","null","Mauv","Drama"
"995","Monthly","null","Chevrolet","null","Violet","Comedy"
"996","Once","Lister","Lexus","Punjabi","Green","Comedy"
"997","Weekly","Drain","Saab","null","Yellow","Drama|Fantasy|Romance"
"998","Yearly","Giblin","Land Rover","null","Puce","Crime|Drama"
"999","Weekly","Fancutt","Toyota","Kashmiri","Orange","Comedy|Drama|Romance|War"
"1000","Once","Mellonby","GMC","null","Puce","Drama|Romance|Western"
